ID,Yield
ID_F9XXEXN2ADR2,539.98914
ID_SO3VW2X4QO93,419.0527
ID_UKUQ7JM8E894,559.7693
ID_QUISMWEZR2H4,340.7379
ID_25JGI455VKCZ,542.0786
ID_KQEAOXF3RPV6,305.05865
ID_FSNZCPW9HTD2,777.6889
ID_U2TOPOA0T40S,275.4862
ID_XVQLSUKOT04J,907.21295
ID_EAZAU6IW58PK,138.98659
ID_WI17R25TC2VU,320.6793
ID_OPR9MJWG40U7,1059.6793
ID_P9K9GAHC6FX6,619.25507
ID_SCAOUCCTJ75Z,163.0389
ID_MUP1OS8GZR5E,647.20825
ID_WVBSZ9VBC9HE,502.69147
ID_9MGH1WIKFBNB,458.9762
ID_3M2O3EPOM18C,1009.6503
ID_K9MOR4N1FWIB,648.38214
ID_VJPUPMSQARO5,915.6697
ID_7WIMK3DXIU3Q,804.77454
ID_6QXVH0EUS60J,937.20374
ID_CA9GH6Q53A1Q,219.49585
ID_94KO4EQ6TA3S,275.00864
ID_2WH3AXUWRS2A,279.50986
ID_LBS8TBC6QEF1,374.55527
ID_Y3YARETW8RAP,734.42126
ID_BY9JJAIKBRGP,396.97668
ID_0U5AM482W1DE,370.5683
ID_G0I28ORJC3OP,398.17355
ID_Q34ED4EMSA3R,627.38574
ID_LN3LXEG984XM,619.93713
ID_0JTIPPYRJND0,632.61633
ID_2MRD9I2X8UXB,167.3041
ID_KH1FHLUW2T4X,277.4376
ID_RFM5MWSIU1JX,325.06146
ID_IAH2UTMDVU8F,220.8645
ID_9SNP46T1GSJI,649.65826
ID_DSQ9ISYFW4DB,435.48993
ID_B8XYLC3NM6XD,181.72939
ID_HOG9LK4CTN8K,354.70624
ID_L3RTRS1QIY6D,317.36386
ID_03QW4RBYQEBK,333.23926
ID_ZJSYN3ZHXK5K,632.27997
ID_UPRM76SZ7IJJ,556.5296
ID_YB866N9RY5TU,461.01648
ID_4H0KNHPKF9BK,226.90875
ID_TOIT03A3WTTD,405.64227
ID_4P7NKCB6LMJ5,279.478
ID_1TIMGZJLRLWF,561.7346
ID_25E6065LQDON,562.45575
ID_SOB9B3H12POE,708.4488
ID_A8RF0GQGJF5H,537.61835
ID_GT36LGF8SM8K,479.26416
ID_E9OHGDA3U6DG,464.8945
ID_HXWHLMRE99CE,719.9356
ID_3VL9DLFRG5A3,369.95395
ID_OKPI3DR2ZQPJ,276.29953
ID_XZO6ECCAOC94,864.4201
ID_4X2UWYR6RIE2,545.13806
ID_1LVAHN6PZYBS,668.9431
ID_HRAJFKTPCNWQ,779.2773
ID_TK4H5NRKHOE8,291.93854
ID_9U0UBT1J8152,385.49387
ID_3EUKVYT37JOP,267.79645
ID_1499QWPPW755,594.9557
ID_ULWP3J0G860C,343.6738
ID_51FSB3P7RO7F,554.7144
ID_FHMVP6OM4GDX,922.0185
ID_2OICAUFVUF5S,236.79381
ID_ZGCFHIHAIC5U,407.54193
ID_SR592R346POT,784.92926
ID_IW7UUDAW8LI0,447.85007
ID_UNWZCF6L3JHJ,485.10715
ID_Z4FXX0BNPHCO,538.87787
ID_T18YB26T1R72,450.6925
ID_LXZWOINVI194,607.92535
ID_QNQJS14C9JJR,945.9974
ID_NTPIQUV3J2G6,715.7493
ID_PVQOEEDTISZ0,185.07845
ID_PNB65ASGG3U5,333.7531
ID_KWPXATBZDX9T,501.25967
ID_0G0F9TOR4IMI,891.26636
ID_FVLMABW5Y6X2,696.0513
ID_O2PL38IY50T5,478.71027
ID_CNG8Z00FPPMP,608.1323
ID_641DSHBH8JAF,748.9206
ID_Y14QXUKOFJ4H,305.40567
ID_DRP3WZV4BNIE,522.47485
ID_TMXV7UW39T80,226.06775
ID_0L8O49SS6MQM,503.97598
ID_UGTG0XQELY2U,418.984
ID_0YZYA9AXL9Z2,352.9788
ID_KNOK4V0IWVUO,150.27063
ID_YX4DF17Z25RV,425.69437
ID_2YAZXP3AEDVO,347.02664
ID_YNACZPCVVI09,901.0164
ID_75GYXJW1DYGX,294.0759
ID_YRCMJRFRTU2K,489.8135
ID_1L4WBTHTDQMP,617.36255
ID_RO0XF0TFLRG6,588.35986
ID_NJ7G0SAVDN1Q,442.46576
ID_UFPM6MLG1BJK,169.07463
ID_ULY51B6WQ9FV,764.88403
ID_CR6L4TL2VEEM,278.8983
ID_4YRSPS7X1V7Q,384.8092
ID_ILQ5YE78E0SD,293.25287
ID_WDNXY8YRA10N,398.75568
ID_WYK6LRWQ21ML,391.36328
ID_EBA4QUGDXB5I,932.09546
ID_2WCWAKQKRA74,628.35284
ID_FTSIEXKUER9Y,375.76346
ID_64BCOW7PEP3E,194.5151
ID_0N5TFB55JBOB,615.2891
ID_9AE1OJ45UFJ3,490.22974
ID_NJWAR6L7X4Q6,637.6587
ID_W8U6J9PKGGGI,448.88272
ID_WJUUIJMPNLHW,405.35638
ID_S7F4L5OW7OKD,738.5234
ID_Y0OX05BLLQPI,208.0716
ID_XJ7ULGKCALNF,618.0885
ID_8NU1PZBDI5C7,914.7009
ID_CPPN31R20CBA,608.0918
ID_D20Z6VEJBE6K,174.87698
ID_N6RSTF2IR5GL,452.0736
ID_DJBLGDPMS85M,133.05301
ID_34J19EEKSSHY,677.55444
ID_P8MQS1ERUQ9F,238.65414
ID_U07HHH2EG6K1,720.80853
ID_IKAOSO0CFKYZ,225.83685
ID_NHQ2WMFGNBS1,367.01062
ID_FRJ3P7XDG7OV,500.27087
ID_5N0W8ZFFAIQX,396.72528
ID_OFSHZ2KZ1LQ4,133.05301
ID_A6C1G6XUATUE,300.45496
ID_N99MP1180BJ5,211.56795
ID_D5F8SLVPMZKE,153.07187
ID_49QTISSSNQ0M,664.79944
ID_S1WHDBHNKLYO,326.26456
ID_9YE4VBW3W1WJ,367.58197
ID_7SWZRG2B52YI,308.12064
ID_41XNQZ8M4QXH,369.60504
ID_SIB0PJZQMRBO,314.55862
ID_M47IW492SXOP,180.08041
ID_MTUJW5V02DWQ,653.6758
ID_Y108HSDX00WC,858.34076
ID_QRD8JCO8QWCF,132.30534
ID_RIP1ZN0ST7I3,193.52187
ID_BPS356NV28J7,651.77026
ID_0KANA1KYEQKW,163.8182
ID_80MMCWDS27VC,559.9239
ID_CH1WWOXBV7L8,260.16922
ID_PM7YZSDTN1OI,572.0232
ID_FR4XH94DJW50,681.1663
ID_D1IDORABBOBP,400.43304
ID_0BE8BMWG3A68,523.40576
ID_RY2QD5TLB4US,326.985
ID_S8D99RRNCOMC,892.55597
ID_YZLW773BTIA3,320.03952
ID_FL8VHWG97QTI,592.99445
ID_JVLT86OR9T15,633.0548
ID_NBSTAXAZ24X0,822.545
ID_43VRMQQ5E60F,382.3284
ID_HI4ACMU7M13J,422.82587
ID_UI96L3AE8YXY,534.2146
ID_UXRI6OXKF50S,712.3416
ID_FW06NS2YA7QW,414.08096
ID_RA5OO0JVNOUF,594.6614
ID_EVGU94YQTZWM,194.77896
ID_GHANLFEJN9UW,162.13438
ID_HXBFX8X2DD7B,975.1832
ID_KUNLQSF5FM19,454.51334
ID_7XXH76413XNT,592.53314
ID_D58TIQKQLU7Q,275.94098
ID_W5CLRPVGFRKH,510.151
ID_A3Y0OIB0BE59,412.05664
ID_C74NLELOCNTS,824.3778
ID_2FIGN89QV44C,193.98274
ID_QN4PJSV2CGSJ,318.5581
ID_V5W6AZBTURWA,403.7402
ID_L6E0GOTVHSCD,607.1323
ID_Q95BUWXK8RM3,155.73538
ID_5TLXCFLTYF1F,412.2205
ID_GLBHSYJG9S5B,781.559
ID_3X3YHRC7IIN9,604.56146
ID_5H724YS64665,613.0005
ID_U4Z5RN88FCZM,574.2049
ID_05TGZGOMI6MF,405.97055
ID_0GCZV8RUSZK6,369.35052
ID_UV06K1FM1SB5,537.66785
ID_RCJZ3PORBWFV,191.73357
ID_W1NL5CU9VHQS,399.77017
ID_2WIYFQHMJPYD,798.78564
ID_BFFULEU6PVQ9,173.14374
ID_JN31K11BXQ0E,414.13632
ID_DS40FHVR9R7F,405.0474
ID_DNOT9DTVZ6MQ,630.00464
ID_Z58PO8MMX8YV,565.794
ID_NEYMBJKFHN1X,505.30783
ID_RND7MNSA6LWV,332.87033
ID_U407VXC7F9NZ,392.06415
ID_ES753BBA75GB,120.33784
ID_APRL4BTWWRW9,290.1481
ID_S909ZPBZ39II,304.131
ID_YYFP9SWEV0U5,832.7752
ID_25EBTESPBHGZ,684.53394
ID_W0W8TG7XRWE3,213.88753
ID_0FU2BPIOTMVD,632.94086
ID_OF817VW3STNX,481.43375
ID_7QATIJ9YSL1K,1173.5543
ID_LBPW7URC7BBW,513.88196
ID_7WYQ81JCM9V3,133.47665
ID_JGSVOGVN6522,604.191
ID_TOUB2GY1ZHXT,612.28644
ID_9AJCTSUQG7FZ,479.26416
ID_VKOZPEUVSDI8,647.0157
ID_UG5GQ68S58OW,409.6199
ID_4RB8XK2ZB1IR,736.6109
ID_Z3P4T6K6P2ED,107.88176
ID_VUGTKX63R5P0,430.53717
ID_XMF3Q64FMLBK,510.36026
ID_DTWCZ9G9C8WD,672.2866
ID_0MNYHJUPIOIT,342.50598
ID_ZGAL960JTO3R,419.71222
ID_PK835TJNER3I,609.8573
ID_KVGPYMSHB2WJ,341.8678
ID_OWIQYP0I1HGW,772.65704
ID_7RS2XDILJLBL,343.87393
ID_EDCLK08NMF0N,407.0166
ID_97Y87C3ANP5B,353.0908
ID_D3SKVOTTB4KQ,283.84018
ID_APFVFYM11UU0,976.2368
ID_TAIVU9LHBYZ8,426.8553
ID_NTR94XDRQIHZ,215.1671
ID_8QCOFS2HXOJQ,368.3457
ID_7ZZVZZH08UWF,409.47702
ID_9NGVV4V11YU2,446.8565
ID_5G8RKC18KLXV,410.75244
ID_BSVRMHEKDQKD,440.38263
ID_6Z12209FUIAT,641.5653
ID_IRBHYP3G7UXU,383.23975
ID_9PH4KNPDDVWS,641.84827
ID_S4G0N1TJEDUG,289.0267
ID_OP7NSDQGR6AE,268.30194
ID_32RIU94UJDHI,891.11206
ID_85WKQYHE0W5H,688.46466
ID_2T4I23J42NUP,384.1319
ID_LOJZM912S2TH,450.10376
ID_FQAR45VD4PQ5,638.1173
ID_RA4Y3ZL70BWO,832.04724
ID_UH3QT7I1O24Q,169.69576
ID_P9OZQ56CX2YO,506.4927
ID_RB24VMV9FIGM,367.54486
ID_XECRIM8DR00Z,819.4701
ID_EYIQ79MA3T5E,573.253
ID_B0QBM2S1R9S7,238.69131
ID_1L74BG9P0TKX,666.88306
ID_141KG0TOOCJ6,608.4992
ID_IMKLSNJKVI4P,271.21765
ID_253P6J7D92PW,340.67392
ID_PCC17RCZX06S,363.93295
ID_7MUPVDZE1ZWB,1021.98975
ID_O994OZU1NP7E,417.40485
ID_RFVKSMVILY31,450.71243
ID_MTR7TTJ5LSBE,177.69154
ID_87QM8DS5HSU7,803.3931
ID_8KXPBLV53NZK,430.2257
ID_LQVS4LC3YRMB,542.206
ID_ISVACTKT5MAA,417.1893
ID_C64B9DUNSCM1,178.21274
ID_ZXAE37OWUMFI,383.06744
ID_L7Y4MKY66OSL,526.0753
ID_TZ1FUOUR0Y8X,656.225
ID_D7HMR45HU1ZW,428.10803
ID_UCZXI2H7S2YD,211.50989
ID_7TU75PUQP312,573.84174
ID_4ULCEP364DAF,500.18408
ID_8EOY07K5LOC4,324.90463
ID_NK47MAUWJ8Z5,180.0836
ID_8ZCGIWU6GZLO,331.0756
ID_SNIWSZ237UOD,236.69077
ID_7LDSCZ2OPT0K,520.044
ID_TK2TH4JSJ1KB,191.02914
ID_UUXFZKSR58SC,304.88196
ID_EVACECC6XIW9,891.9366
ID_U2LSES0Y4I3C,861.062
ID_NEGU2TDNC4Y0,204.5874
ID_WCBHSOBP51H1,263.29077
ID_SVRQ4NGZFMMP,726.4733
ID_5TBBUKHYJ1KI,645.29333
ID_4AOR8R30LNOD,373.74283
ID_5XOUKBLNO7AC,476.44818
ID_IQZTM1J018FS,615.9628
ID_Q9VXX3O6IZOD,272.95868
ID_HTEQD0S6QIB8,299.5223
ID_0GFT8KE7O9RP,633.53394
ID_SHFI8L6O4DQ3,638.58185
ID_64MUBP88ECF6,393.74496
ID_EHYBYH7QLOSL,177.5531
ID_GTGEI6PS93QJ,860.69104
ID_TL9C9OJ8G68U,215.2366
ID_SM1GWL52K1F8,318.00275
ID_DZW8R8ONEU66,411.5745
ID_HBDA4P8811S8,643.0549
ID_CJQOTSL074N8,625.1241
ID_KZ0X60V9XQIG,851.5401
ID_0TWFZTV06NYT,521.3087
ID_PVJN35A46C0K,570.5465
ID_D732BOTXBLSI,410.59235
ID_342GB00NU2X8,223.57634
ID_AQUL5HCLWJPM,830.8803
ID_VU3938I1G9Z0,660.29425
ID_Y2ZY2HDPU6PE,484.90277
ID_SJD77GLF5ZFJ,556.2786
ID_3T35R9QJBF2M,334.24066
ID_NQUTMXXK59YN,615.69147
ID_SV7AFMBC72LB,201.80309
ID_PAPK30H37SIW,629.62695
ID_URRQOVPPCBQ4,177.5531
ID_CQPXYYK4KGB7,321.41843
ID_RJIJXF4OS4RL,150.6192
ID_APUXW8HC4K6B,714.25354
ID_61Q9C9GGPHDI,746.8529
ID_ZWZRMNC7OOCV,246.92758
ID_IYKX7HR08L6A,289.75146
ID_AIG281L5ZHU8,201.30698
ID_NHUOZPKIO0BR,341.4656
ID_LLYN4K7KIT4R,428.2882
ID_0TSE5OLEV8WK,438.57306
ID_H992DU9HM8DQ,309.68167
ID_UK0CBXPBQ5RY,835.9804
ID_RDPY3EBXFJ5O,842.5347
ID_5L97TY473GY5,870.4832
ID_5B1X9MC1IFX0,394.45465
ID_ECWVAC40SNWB,686.0351
ID_OE87AT5TAUEI,812.2791
ID_XR12GEBM8H2K,732.45825
ID_LJ2AP4BNL25Y,614.093
ID_LH311ABG9XDL,350.5449
ID_HXONOBB4HD6T,794.5228
ID_7AOOKABBB6N8,539.798
ID_Z17C9TLMF1MJ,227.0844
ID_3PUBL95YQ1AF,568.45807
ID_3RUIBILNO5TH,201.85045
ID_9VMYZE08M98X,573.6584
ID_6SDJYMNC1T2Z,207.30838
ID_61DT371A8JKT,340.8572
ID_R51LYLFQUFIL,589.5395
ID_MJYLQ159US1Y,688.8953
ID_QQHLY17D6RBD,779.13525
ID_Y84JBGTU3NGV,625.79297
ID_V8BHOZICY6IF,377.68988
ID_DZ1R5TGC156F,624.43884
ID_UQTR8CQ5LH50,617.8922
ID_CK56LDNW1478,632.1089
ID_QJGUBXWDDCRS,607.3247
ID_H7YHR5OTSNS5,113.89022
ID_8FRJCZZGLIRC,634.2094
ID_U29DLWFB48GG,282.01358
ID_W3OHI7MAVC24,217.11668
ID_1ZY88AN5LZD4,403.6739
ID_OC5EEB6B892L,641.7393
ID_CMWPG2PIB75R,598.45605
ID_NWEI411ITDHM,619.74524
ID_G49PUGN2HFAD,298.89658
ID_GSNP1IEZEQBC,448.67307
ID_GJUS6RREHQ81,638.28406
ID_7F8MCGYBVNP9,334.55182
ID_0L3CDZHQMEW6,579.4287
ID_WWW8P7C0BWWD,381.38562
ID_K5SN27S6ODNO,633.34033
ID_UFYYFX1MOUMV,447.01285
ID_D0724QR6ZQQF,818.70306
ID_PMSOXFT4FYDW,720.3848
ID_SO7VGCA3U32O,443.02234
ID_FRF1EVPIL6HX,628.458
ID_82CBKU1NDJ0V,829.1565
ID_RX8DANVXO123,458.38873
ID_ILC9A9DN5G2Z,631.17725
ID_2GDKRWUIWI9Y,125.80169
ID_RBQ5VAV4DJ5G,609.9859
ID_UOQYVR79LGBI,386.0797
ID_K6AD8QUXXR6Y,291.1141
ID_J342KZ43X2VJ,557.3675
ID_XPEQ4HVRRQX3,809.3362
ID_AJUG34L464MU,619.64404
ID_JF3KG0PYDKQF,1004.2323
ID_L9Y3DAFA0E72,389.62878
ID_E6BGEQJGO571,256.71857
ID_SP088I6KHJYU,381.91428
ID_044M7JJ7F7ZH,616.6396
ID_FWCKHCWUI2ZA,357.50073
ID_RYVNAORY2187,197.52542
ID_AKABUF8B09YM,649.72656
ID_S2JJQXZHA1AS,576.5667
ID_4QOOOG43P1EL,631.1478
ID_X7Y0DSAFDFLN,614.8043
ID_HBHBHNCY4HVH,446.69028
ID_BD6WGXMV0N9M,384.80154
ID_L96Q9Y8ZKZ8E,891.50586
ID_THWRW6UMVR43,250.65208
ID_BORVFDCCKT0H,625.76953
ID_2L25K22ZLQPZ,410.15326
ID_YUL27A9GYMND,399.41327
ID_8MKACM85VSCS,918.87695
ID_4060CUEUW7HI,397.3299
ID_Q0SM7VK3YP8B,172.88011
ID_KFDMKLKS776M,388.78955
ID_JFSU9KK3JSCO,844.8649
ID_YDVQY6M9SDE1,319.63632
ID_24UQHTEAU2MZ,414.84033
ID_SGZSFYIOBIN2,620.9555
ID_JNBPHXXIFBMH,390.26196
ID_ZDH7Q9PB2ZFC,308.7028
ID_Z8L5CROZXDD9,617.6012
ID_BFWA63TCREXQ,368.7879
ID_M3DHWRLA56N4,813.5978
ID_7QNMKE9U82HO,668.3761
ID_75A7EFD9RIO4,145.77591
ID_ZGRBK42R4LAE,490.4547
ID_E69IMEJ5DN9Q,431.19983
ID_9GU549TH7ZK3,741.79645
ID_32IOWXYS1DUU,175.9409
ID_055AL1ZL5ZQ3,185.78441
ID_1D24WF1F56XL,215.97624
ID_C8563RHWH4R1,376.50928
ID_FWYXQF7RP0NA,649.7186
ID_RUQF0NVO7GUP,132.30534
ID_U51NJXF1ANRX,338.6944
ID_52E5N2X6YPZC,368.74057
ID_5605KFWD5KLI,595.0299
ID_RP1T12JOZ0W5,382.37332
ID_1NJF183VW7MV,219.11186
ID_YBW0BLUZSB09,556.62494
ID_EMWY1EBQA2OW,169.01994
ID_PRZUQ2CC6YQL,659.5752
ID_DR9MHVZLS2J3,210.00938
ID_F9Z4KJ1ATXQX,364.61026
ID_1IEQS1MMJVNU,760.9228
ID_Y5OJFJ4ELKBO,879.8872
ID_OYZLWHPXC232,208.20094
ID_RIJPB9ZK7QMJ,364.3727
ID_5YLAHA1RPCLZ,477.766
ID_7YD43YGQEHAG,208.21486
ID_Z2128MPPJH3I,352.35278
ID_6E9C80EV7UVB,553.87036
ID_V292OF4LJFY6,390.32358
ID_GZWEN5J0753A,170.0191
ID_DZJI74TH27S2,571.7432
ID_VB20G3017OT3,950.5104
ID_PFR5TR9NSJ44,438.70166
ID_CGEMGXF9GKAN,583.9708
ID_UQN5YELSPFW4,532.5809
ID_9KQ04PBVJQ2Z,554.4233
ID_4XS5DB6R0W1W,827.3948
ID_0LIP6T5ZSM47,637.11237
ID_EKT3T87PW61E,379.154
ID_8APYWALBVJJG,626.96967
ID_IZNAGRDXI416,575.277
ID_O8JW768V2WBT,649.6058
ID_QB1EGGOG4PKU,362.48618
ID_QL474TRJZ4KT,297.21405
ID_JS00JMA9OC55,111.61693
ID_KX93WT2WM8KI,479.9418
ID_88T4KAWBOXD2,596.7215
ID_AYEXJ449FHYB,248.63823
ID_WAMWUG0WHB97,674.892
ID_MNSBZZRLVYAB,445.1346
ID_NIO4I0V8DWYJ,180.42354
ID_NIZWE5DL0ZEP,689.24243
ID_9NCKQGLK3SD9,411.4043
ID_5OSGLVZW9D29,703.3965
ID_6XPJZR8ZCIC2,310.4109
ID_IY0SP642OW24,625.97125
ID_RIYH64Y97QRK,577.7112
ID_XSP6B48LKWT8,622.5186
ID_W753O33BW3BB,414.44147
ID_RWJ0XTITY982,1004.8984
ID_EUEIBIX6TBO2,383.284
ID_WH5AACW8DNG9,245.96112
ID_NKCHBHQGHFQJ,393.88403
ID_55LF7DAPVUM9,430.81033
ID_QCVF1IC80H55,323.97778
ID_TTYI3X4FHRSK,620.90533
ID_FAVZ1A7JE66Y,208.0716
ID_K3QDY7VQTJ4Z,387.68423
ID_SXVSUXY5UZAB,268.48987
ID_5K5QDTT6M6RR,346.45963
ID_LVWYORSZVO3S,240.91689
ID_6ECLIA2352NF,132.8818
ID_W9B36B5RXLXB,900.315
ID_FBND5TKBJU4V,281.82977
ID_IEG1EPIW3QJE,596.262
ID_XBAKEC3FGVOI,236.66043
ID_YX1YSBJPV00F,246.44177
ID_CNJ0199EZ0Z5,235.22699
ID_9HZRXVLF8O7Q,316.9694
ID_N8DOGSGMLEEF,295.65308
ID_QTT6DFO6C20M,200.94717
ID_84TIYB63GU2Q,170.2452
ID_I13964DD6KTD,411.42215
ID_31NJ27Y0VJFL,297.10254
ID_SFCM114U57TL,309.6523
ID_JO7PGDO0GSL6,629.6715
ID_GL342CDVL9P5,369.76276
ID_89HGYIT9L72K,401.08292
ID_GMN55BKSKYR7,971.18787
ID_IPCZ9G8W2MEV,648.6531
ID_YTTWCTKL25FS,640.3844
ID_RXK77X7AJU1K,467.8216
ID_7DF2UHVO2YDW,490.97327
ID_S8ILQIMNR33S,688.3399
ID_9CZKHNKM1I86,388.73227
ID_QV0YP4S4M4EW,295.60278
ID_6NW6LZZP4YSO,733.9891
ID_11VV8EJUCW0H,810.99725
ID_12B9ODTQEDJP,594.6614
ID_O9F0DSRI883S,338.71512
ID_UGZM1YTX1O1E,576.5667
ID_K9QDUU90W0VF,570.5742
ID_NSYRKSMPHBU1,554.8291
ID_VTPNQBR81BM9,608.7882
ID_39OMID9QCOG0,368.45978
ID_1PEZ9AQEX5YZ,545.9076
ID_KMV01O5FI1RE,180.01707
ID_D8YY9UAL3DUU,827.5847
ID_MK1LEGI0K09C,611.79047
ID_SIGZ0JBXQGOV,289.6783
ID_TVKRFN7WM03R,286.38373
ID_0BEO9O1TBGD7,522.90643
ID_0LAUIA0BNIC1,254.45312
ID_J3ASN4NEHJWU,483.5974
ID_E0C4Y5E20718,590.63983
ID_42C9CZBA94GA,241.56476
ID_YR8ZM2POXIMW,294.5145
ID_CI5T4HTPFSD5,710.34546
ID_A43CG1H8ISRO,380.56833
ID_3CEHUW3S0G0K,733.10876
ID_TXB3AVJR817F,374.39288
ID_EARHOHWMJBZN,690.5947
ID_3VLU0ZG4HZCJ,316.48846
ID_BXY0XWQ3PB64,553.514
ID_QRR9XFG9T842,607.58734
ID_EUX6TSC8JHCM,369.36066
ID_QFOI09YR3VXI,403.64252
ID_YV25FQOXZ8MV,151.68802
ID_7FQESEUZAD3Z,313.76163
ID_CNWL7DTP3YX4,362.9142
ID_T55BT4VODB0E,136.75972
ID_RV1AQV8A2YO5,646.95337
ID_4LD71OA2HWJA,357.58386
ID_MURY55Z0UGAN,409.33176
ID_N2FMG5146H3F,210.36029
ID_UTINEMLC3YZ8,319.78635
ID_2YV5CPEX8PQX,743.5025
ID_G04CAJF9PJPJ,321.41843
ID_VQQC20SF8PFA,347.58926
ID_XLERVZJLB89L,405.11295
ID_55VQDPWDVUJN,932.55145
ID_ZQ8CAFATMFQ4,178.68437
ID_G0F3TN5NG6BH,216.27385
ID_PF85WDFZ5SIC,223.11603
ID_LPA096T2PA37,318.33835
ID_TOJV71OD5IJA,506.7625
ID_OC71Q8G1PU9X,548.43365
ID_ALXWTRGLKYET,389.5847
ID_L25QRS7Z1I48,609.1731
ID_ZJX6UR06AOQN,204.41173
ID_J18Z7G8MKNNW,739.98444
ID_A1FRWN0WLOW3,548.2767
ID_1WMN80LOMPYX,616.2716
ID_PN8SLC70UAFU,300.88724
ID_Y0VLNN9FFCDB,671.4492
ID_KSNG2EHQWVN2,801.6113
ID_6W3UCOWAIKFY,225.19809
ID_SAMIPB6FVS35,576.32947
ID_5XWLZR0M55MG,622.6381
ID_XS38KEFXELD5,365.1595
ID_59TDKRUHGJTU,290.33484
ID_LA52IZ1MKC63,105.85411
ID_HUS8E1K54UTE,635.84283
ID_I13GK4NJXW16,845.4837
ID_VNANLNWRQBB6,471.3654
ID_S9RY48JU1EY7,710.6751
ID_4STCBR16P9VP,689.6386
ID_8975M70FEDGV,993.759
ID_DUBR80BZKU6Y,315.94675
ID_MAEEJ3FRNXBQ,298.26602
ID_H4AAIXVXUTIW,917.6316
ID_9O8JMRL331Z1,205.87476
ID_NGSCERQ2QDX4,304.63452
ID_6LCF9GFNTUHP,425.90668
ID_P1FUZAFI9H4Z,661.45624
ID_98FVLR8JYSIK,698.63
ID_21Q3Q5YNLZZX,606.55865
ID_PBBKRFRQIL4M,333.75845
ID_XUQ4DJPJN922,393.85196
ID_XN9SQO2E71Y5,420.68832
ID_16EL4RBE07V4,590.4177
ID_J9A3XKAY092U,274.7663
ID_SI3U6TVMFSLR,986.32404
ID_MZPNEAO40UOF,692.4313
ID_JMOP4XUA0I7Z,351.27274
ID_3K7O1OS7SC87,649.64874
ID_1FKKC1Y469H8,602.00934
ID_KLWMKKI8XBMZ,442.9764
ID_INV1UN5XSNO4,376.52496
ID_FCP0ZRWKWL2B,435.0169
ID_L7DSNSBA5RQQ,207.70142
ID_SECEK6SG1NI8,726.643
ID_ZZH6SDGIBPVQ,573.6584
ID_NKCBC5AYF2O5,645.987
ID_HCUH5OSOLYNC,400.40744
ID_P2YVKXAWU6J2,584.60004
ID_H5DAKY1IT85H,803.0469
ID_FN2NLEWDMB6D,335.52325
ID_FQRTZI314E4V,994.9257
ID_605VN4QHNIDI,502.69766
ID_J9MMOAJFJ2J9,283.06384
ID_2N51RJM7IWTE,417.58383
ID_G7LKS3J2NRV9,556.8734
ID_B75HPYZV9PLR,691.27167
ID_IJFSC215A8T5,217.71184
ID_XUJ8JAS1QTG5,109.51998
ID_OC29SB0GECK9,445.633
ID_0ZW1XY8NZ5AA,78.029976
ID_XUYVTZH1U6V5,591.49976
ID_TUQ7O8VZEO8Q,929.59534
ID_XL5X7DAJMM1B,341.4656
ID_6GOHOWR9UQEB,558.44073
ID_OSG7JPS4CTQ6,548.33936
ID_TYWY3ZJA2J5I,969.8385
ID_E8R8OU0PL6KU,592.66235
ID_NVSZ1QLGBUT6,377.6917
ID_B6DWB2FSMPKC,356.7282
ID_P0UJZBSPVHUE,755.1107
ID_O9LKW41W3CE6,213.63794
ID_APVY0ZAA2T96,249.77621
ID_DXH0G1YZBCCY,561.9229
ID_50FMQ8VLWTYD,770.2264
ID_MPXG6OFK28RA,854.69293
ID_KO5Q9YHKSLDL,647.1947
ID_5RN40WEWP1EL,615.7643
ID_C22JIXZIZSL4,346.09927
ID_9DQB1KQZBTV8,341.81073
ID_CQHWUNCL5PCX,392.83896
ID_J5OEXVDCNB0P,640.1199
ID_RDH6HLOB2U92,238.04167
ID_8TPHQ60JF6EX,431.81592
ID_1PB93FWUQFQB,346.8946
ID_3N976J1OGQLO,666.1049
ID_7KUFT15M92QJ,388.22363
ID_PCCPOOUSGB06,189.63649
ID_3FRDNPVY5FNP,567.218
ID_BK9ZR4TDE7NZ,573.89777
ID_OUWYLUIH2R51,474.04102
ID_L5ZLQMRH6KKF,580.4802
ID_Q4UW4DG55OJW,580.82294
ID_OYF1ASPZJQNP,459.72144
ID_GZUUS62OBWF1,734.42126
ID_KKZDBKDWVPID,289.5795
ID_YCYMKBL2CA1K,381.91428
ID_KHTP23X20T5I,404.9934
ID_PVCGOZWIYCRW,664.95935
ID_32NAED58MFBN,678.673
ID_N20MRZDYH6K2,674.80566
ID_DBTQY3BIX7K1,299.23785
ID_VXHEQJCSAEGO,369.60504
ID_1UBFDMDD35E0,386.0257
ID_UTQLHUO15C6P,869.57166
ID_KUQSQP4UEPNX,678.86365
ID_NG1BV8SLDLT6,262.5726
ID_3WE5BFF4QQ07,366.18216
ID_OJCKZSAW11FT,572.41296
ID_01FMRJ8CZ1B9,338.96713
ID_UFCY75JEV9LT,377.3408
ID_2EZWQR6H2KMD,513.84595
ID_VDBLFDMIL8NG,645.53656
ID_AT56XBOIGQNE,657.02026
ID_AXZDBVR3IUR6,312.56296
ID_2TXCT78Y3PKC,278.8479
ID_VR4Q2KY91Y7I,447.47797
ID_EQO0B00UOJ18,284.77472
ID_80IN0NOG3IGG,267.33102
ID_52G244TD18XX,571.4589
ID_VU2RGX6FV7SG,621.7984
ID_L5TFK1K76NVV,381.38562
ID_9CP641SBWCAY,172.19139
ID_GCL2HBCVD3GT,424.97324
ID_9TSTSM29ITZV,892.7597
ID_L9B0F5XY5C0Q,725.8927
ID_CB1C6HBQXD06,397.97455
ID_HKJ98YOILTWN,918.45404
ID_5TPFAMIJT35T,647.7283
ID_17C2BIFXGXAB,379.61884
ID_ZY0FDD05Q344,293.11755
ID_XXKL2UKB6T7P,886.85516
ID_RMQ5T81PW81J,612.55066
ID_I1KFYFIUMBBQ,553.3892
ID_1C1WGJ4TLP0X,191.84038
ID_E5OL8AHYNIRQ,601.96643
ID_XKJ6NPCU23KQ,449.93152
ID_H2LK19RTKLBN,347.34903
ID_8SXD7K2XR4Y2,272.94574
ID_R6PS7QO3TIP3,617.71094
ID_7Z26WTZTG1EE,253.85283
ID_NVW1KES21JE6,633.50275
ID_KZQ5Q7QITN1J,597.2379
ID_0GK554F5HSPQ,893.5426
ID_CA5E6O3YBPYR,256.56097
ID_NTRTGR2IP7JQ,655.6477
ID_062VNY633NVW,601.19604
ID_465NN80WHNMI,363.61728
ID_T52DNN3DYVA2,297.5161
ID_CM0W1BO8Z7YV,418.78415
ID_YV087R41HIW6,422.56937
ID_VT6TAOGORN0T,779.8885
ID_030L0XB0GEPB,274.22714
ID_YECW50OR7NEH,287.36746
ID_5W7NWNYH7DA2,249.22922
ID_I2AKJ4TGA3JS,390.89047
ID_LMSXY4W2OCHC,386.2497
ID_W1EWJ1KHVFWL,630.6468
ID_3ABZTY079K5J,975.5064
ID_4PEE9P8ISN4T,1011.5397
ID_DZD2PTXBQ36C,152.89958
ID_VRDCKGL60J4S,889.8545
ID_W300Q133BITD,175.18312
ID_BGPCJWWGLRAD,849.64026
ID_2VD5AHGUA8FZ,242.85309
ID_N2YHCFW8BCW1,279.4523
ID_KD26RV3Q4Z8G,392.17392
ID_B4L9RE7NMY7S,597.4388
ID_BN9X6GP81HB7,256.47327
ID_Y6GNK64VJEAR,319.63525
ID_PE586K2WC823,304.87152
ID_WL15S18OVHW9,889.7263
ID_5R6L97XFBM4P,629.6756
ID_55YCU1CHAZYU,561.98645
ID_WNGH3FP6KNWH,764.6406
ID_9JR09YWTJIPX,687.1392
ID_870NP4IDB2WF,385.28128
ID_X6ZCELIES4N3,681.20087
ID_S0Z4WELW3RKE,654.9953
ID_I1M86V2XW3NU,617.7818
ID_PR25E8LGMX5C,355.29517
ID_5RGXU5KZER2O,783.56396
ID_N3OWXZ0A4PQ2,622.8141
ID_BUYPSV8J9VX4,748.015
ID_ZLJBGWFNKT3F,594.6614
ID_E3U792EGWSOZ,125.226555
ID_KQE4T2DIGF73,305.40567
ID_FIOW6R8A6TD9,829.6846
ID_6NHV395NXUMO,622.1446
ID_DLLQTLGA5BZ7,215.44533
ID_12090DS3ONFO,316.5012
ID_84WRYZXSNB5W,237.82759
ID_5IHINMMQ33HN,669.60254
ID_Q3TSBO3V5MV0,652.92554
ID_ADC7FBDIRB67,386.3303
ID_YFVLB2MLINSA,595.52704
ID_0M2B2IU08JHG,579.12054
ID_V9K16K3JJ64W,146.938
ID_T0APDRNZ2PUP,676.98047
ID_UD6Y4DW52N30,433.6992
ID_CPN4N1LLQUYZ,253.62398
ID_NBZ50NSHWKX4,478.67242
ID_JOBTZIGNUJYW,138.42801
ID_QIXJYAUTNLGR,431.00235
ID_AX9K1UFBM90G,177.46962
ID_FDDURNIJQYRF,431.62192
ID_LVNQ4RR7Z5M9,600.34186
ID_UYQMXTUWGEX3,299.6267
ID_GXYT79NRDUCC,326.98123
ID_9GC9RL0156TI,620.2917
ID_65R1QHRZPXV4,196.2037
ID_61D172EINVHM,245.74771
ID_YTRIQ7CPL06G,323.38205
ID_SWBH0D832EJH,429.4224
ID_JI6G3OYFQJKY,390.47305
ID_D2P1PLCDCW6C,654.0812
ID_4HZATY2UQP7J,586.29114
ID_I13HAXROQ8ZI,596.1232
ID_EBWZ4DITBMRT,794.043
ID_46V1XAD0HNM4,208.0716
ID_7F0Y5BH75MA1,342.50598
ID_8KDNAENIPD6O,287.6186
ID_31557CM50TT0,163.65819
ID_1H73ZV2DGAJS,619.7607
ID_MQBQ7Y3DAME9,562.03296
ID_FABZ5F40A430,730.72003
ID_ARH65MSJKMXQ,343.59903
ID_NZAYF5EC84XF,736.4599
ID_8KTFQU943U8U,634.35913
ID_HOOPMK98RDVW,585.6442
ID_6NKRHFXDAL2W,219.27383
ID_3Y0E2QZSY8BE,400.40887
ID_7RBTQWOKF593,213.40472
ID_G32EHA5H8KCH,87.871735
ID_FP8GAONCAYON,219.87859
ID_Q1YRG5JLSL51,654.53766
ID_LUEHBMKN3WSS,383.62964
ID_8CR2PDGM6RTS,666.88306
ID_UISG39MBLWG7,434.2451
ID_ZFX52PINM9TI,251.80931
ID_AV8EYUEUUBVA,158.25021
ID_LDK0UP6ZOTQS,633.9495
ID_Y71AZZAYF00N,321.63083
ID_IAA19P3EN9DF,345.42972
ID_M8ZJ8397H56M,710.6067
ID_2LVL6QWBY48W,787.2103
ID_66A871THV43V,592.80255
ID_K9CFTOS3JA2N,354.67172
ID_SN7U1P14V2N3,436.7435
ID_68RW49FF7NF2,473.92764
ID_1BYE6Z8W58NR,328.18027
ID_DGIYN4VXFWW3,355.17798
ID_I13X0T9TWG4N,601.58203
ID_7HE2NP9ZDI7E,490.16055
ID_PKX1BWJLKKF1,477.08698
ID_FGCBRPH417HI,175.93404
ID_XZHCQ2UL7EQB,588.3822
ID_3F60G7BTKL3E,405.95938
ID_X8UKDAZNQLE5,197.9551
ID_WF21DZJQ0MEZ,415.73886
ID_2JORBK01S76Z,331.53482
ID_N40FQ79VCRBZ,392.4172
ID_GTLFKV861ATM,395.23633
ID_27Y0YW3K0RMP,446.4212
ID_WV5M56G6J46P,404.0152
ID_2A6AX6F5M2R3,183.0645
ID_O1WA343Z0Y3Q,345.74164
ID_5RO8TLZHVZ4U,290.05838
ID_WNL0HEE8FNAX,621.6283
ID_KRAHFXWUE34U,536.5093
ID_B0BZ87T7Z4G1,516.2394
ID_EF8RZ2A57MOF,313.76575
ID_CKZAYHVYDNOH,300.401
ID_24T2915PUUBL,616.6723
ID_9N44D14F4Z9S,829.0139
ID_4QI2PK16L4W8,319.85983
ID_5GSE1ZV2KZ36,379.34625
ID_30MYYJ3CGU71,196.61629
ID_R0ZZ2K2C4IFQ,261.72363
ID_SRSO7ZIVRHMS,582.7544
ID_ADMXQ913LY99,321.41843
ID_PS7YQR14G3Y3,672.48145
ID_MZEO9V8999MJ,1158.436
ID_LUGALDGQDU2C,348.88712
ID_6E0LFWNRDDBC,505.98398
ID_BH392O5O9YIJ,318.0529
ID_VP4R17PGR7PT,693.6532
ID_Z584MTBFZM57,192.74306
ID_FMP63TJMIYD2,269.4692
ID_0VVXHZNBFV7K,513.27295
ID_R3G02LS8GNA9,262.33722
ID_Y3HXNR6C9VPN,268.14352
ID_P2EI5WTDARVB,473.12912
ID_J81U1U9GRXMM,222.4862
ID_RUJ2JWO1H36Q,656.3301
ID_D7KZIKGDA5TC,409.67566
ID_IXZVPO7I6GFT,442.04196
ID_DYEIPGE8LAWB,1106.0024
ID_YFXPGWLIF1JG,473.5572
ID_M06RJHKBWY49,352.59894
ID_9AQXDJAJZEKV,460.96365
ID_W8K9BX9LC95X,726.1544
ID_QI5ZUDAWIO6B,519.4192
ID_UAUMCZMYYG50,600.93915
ID_MB0FWEMQZIS3,385.0558
ID_I3VLDTUXI8OU,591.108
ID_FL43EATDHM0N,418.68878
ID_F8IKOUJWBLAS,367.62872
ID_MY6O19NPIVK6,779.8309
ID_XIRL5AT0PRFF,296.80872
ID_V770RBDE6Q4Y,434.4903
ID_0PZHH6TLV3CA,248.58203
ID_VWY9TZXSBA2I,371.02136
ID_0IMHIJVZNH4F,471.83682
ID_J9R0XLLUEYV5,648.57135
ID_SXO3TLUQS06B,476.60626
ID_IIFWSOZJ87T8,277.042
ID_003IQ6P16IU6,630.2882
ID_8A4XDDFF9KES,578.75134
ID_ZADQ4EOPXZ5X,619.317
ID_T3BJIT95VAK6,655.6244
ID_9JBVPAY5SWE5,276.78143
ID_H69MYTOAOWGW,914.1224
ID_KX131MVNIQYK,127.06554
ID_9TBIA2TY51SN,442.5535
ID_LSJ9Z973V7HY,271.82425
ID_1V7154B52Q1R,573.253
ID_61T1B66LGY96,728.08905
ID_6OMUQ7RGG9PB,209.29774
ID_UOP0YIGOD0C9,619.6435
ID_FUEPC3I8AGM6,311.7172
ID_9DZ2XHHCILE0,358.99417
ID_K31RQKN5YZGQ,225.1057
ID_5ONQKXWCPAYW,344.64178
ID_WTFWWIHRP8QJ,180.7376
ID_1DB4QAC6FY9E,136.06044
ID_JTN33DQWNP8S,362.78534
ID_URGC9CNXA7X5,369.39386
ID_TLCVMIUVHIDA,608.09106
ID_TUK3UTUY685M,341.33838
ID_C3CXY15NEROI,625.23236
ID_HLKXLS0FWIO3,348.76276
ID_3KYOCLW494ZU,601.7694
ID_ANAMG2154VTI,879.6178
ID_RZYTYJZGW8V1,660.57336
ID_U0TE2JB46YOT,1038.2031
ID_033YEZI2YTMN,351.66214
ID_M5MUL0OYJ521,367.32404
ID_GLNNBNCO2ZJT,327.65637
ID_5D0G39C74311,192.97345
ID_76NPV6TK8935,576.86676
ID_ZBDU7B15DZ06,657.63477
ID_7ZY916L3IR3J,551.5051
ID_NT49YSFTD1RL,167.3041
ID_JO5LMUSPDOE5,483.2011
ID_20WSYTHON01Q,137.9994
ID_29VL60799V4G,602.1656
ID_LWOVH2BGMAXM,542.55286
ID_U40UK9R0U769,727.629
ID_GLMWDVQ0ZBSS,492.79758
ID_H9WPOE6GENMJ,419.27658
ID_D777FHIP8F1R,604.615
ID_UE7JO485SVK6,186.71794
ID_KMUR984JCI6C,233.0444
ID_5UB63IBXG3O1,420.76862
ID_IP1S04YTUGT1,953.6229
ID_UJAKLBHMJ3YD,654.0718
ID_W4V2VRY6V3ZG,222.00528
ID_UPWIMZ9NKMFX,648.4013
ID_TVYVXPBGSFUC,251.08563
ID_8WEKEFRVWLHJ,577.5173
ID_9RLCRH7Q0PXK,300.27576
ID_02G01CVY8X2H,293.51697
ID_KE5BLNSCOGKB,659.28784
ID_9JNMULI0HP0P,770.4032
ID_B8OSQ43TMBSR,628.10846
ID_PZWWJKYN923K,666.4374
ID_834BS53CZ6LC,345.76813
ID_5BMWFG250JV4,566.41437
ID_LM22RNI83BJM,672.84357
ID_JQS59EY819HO,221.72148
ID_E43X5ED6NLU1,296.80872
ID_8UZSHKU5UT2V,698.35925
ID_DJ50AHYEIPZ0,725.4813
ID_R4NIIOESVN7T,597.13354
ID_YKL207W57L0U,278.62024
ID_12P6RU298F9N,388.03284
ID_IZ6WTP5Z17WN,631.37683
ID_NZMFMBIC4FNF,254.7941
ID_JLTDB0VTB0E7,298.64893
ID_17SQTC2HLKAE,456.0778
ID_I1X7CIDBKXZQ,276.85962
ID_PSSACU4V0O6O,611.0815
ID_V4HUIJ6F76SW,470.5656
ID_8COHYHKML3JP,657.02026
ID_JN4AX2B2C50G,182.59386
ID_TMJ0OO9Q2WOJ,929.0849
ID_C95LNL1M8H2N,589.9498
ID_RVPLXJ5UWB6O,270.96924
ID_TV9CCKV6IGN5,879.2971
ID_K19V3I8YE12K,311.3607
ID_KGXUKFH4Y7YO,416.35812
ID_WJSH3NU9GIQB,146.45416
ID_EQZ7H1WA78OS,182.96028
ID_1MKAKRVW5T92,198.98946
ID_PZFWOHDEYNGN,451.9765
ID_725LTZ95U1E1,576.123
ID_THK0MEQMKDUT,822.55035
ID_RTQ01NMMKXYA,622.2567
ID_8B19FL2AJ194,277.0037
ID_D6RNJ17OIWWY,659.9289
ID_HUGK2Y59U7KJ,681.2185
ID_KWIMK8AMZF5A,660.3319
ID_UURMSVZDKKSF,639.6392
ID_2R9G9PQSADOM,335.16025
ID_BI9UDH99U450,225.23174
ID_7ODW5MXTDNCG,646.7694
ID_HWJ9WKS3IB5J,400.61874
ID_JGO7PWMYOMUB,561.4863
ID_MCQSOIZ5BXGC,204.87297
ID_J0X3K8DOSPYN,550.4941
ID_VGQJ4WYJJBAT,285.31796
ID_FHRVJDWVEWZK,459.7278
ID_YFDZZ7FAT8H7,627.55096
ID_ZW6ZATUAC5CC,353.14764
ID_W0BWKL5E7PYH,725.6907
ID_9DJGFL3PX533,503.9014
ID_NYXDVDMQO20V,641.0924
ID_J9R96PPZPO32,756.9226
ID_03SHDKQD95XF,213.1602
ID_9UYFG0NC9QTM,693.1648
ID_PR26C0RSQ89H,571.90515
ID_KOOC7HGDZA0H,649.873
ID_218WMH65G8WU,624.43884
ID_PRAU2EMQM87U,454.95737
ID_D6ZOJRHT0A7H,401.65298
ID_CITJ0RJ9ZAOC,608.5625
ID_TP5RXW7QXP2O,824.46277
ID_AZNDXJTYSGDF,327.75317
ID_78WJNL0RRA6U,558.9388
ID_TM6VWF7REIS6,927.1716
ID_X3TVNO4XNHN5,630.4983
ID_3TDSR1D7HQ8T,577.60944
ID_82ZSQZQGLY1Y,376.7879
ID_8OKP01595X94,293.05194
ID_2OKINRRT0XL1,796.2657
ID_DA98EJU0NT76,673.76776
ID_V17R17KYCDG3,527.018
ID_OM42UEJQR618,218.34593
ID_646D2KBLNLC2,253.20067
ID_9RU7QWS0WIDP,645.33954
ID_PFFCHUW5O67L,450.24615
ID_ZSV9TC0UW5CK,319.0073
ID_MSYLCULH22KD,455.25287
ID_6ZA9ROTCTCTY,402.45303
ID_L0J7MCL12NR4,363.93854
ID_SCDUXWEDL6C6,632.61633
ID_7QHVYN5YJYAP,285.2415
ID_AUT5E4W1IF34,865.8114
ID_7JO0TQWT9W8K,324.73935
ID_3UUBOUNG1CH8,213.8695
ID_4Z5JFK9VF762,314.33798
ID_3Z9LB1PGHP96,627.2086
ID_D0X7IDGN74GR,291.28445
ID_BBY6G4GET31C,1143.27
ID_PT5LBK4XRS89,427.72736
ID_Z6A67N4N3KEJ,141.25145
ID_Y6D7U7R1ULMA,300.401
ID_WQOUU960NDO4,179.46184
ID_XC7PSRE6WWFP,375.08182
ID_VF7NABSVT35U,542.68353
ID_25MZL6HIS26M,715.9461
ID_D86BC6U7FA2J,615.8414
ID_F4KMTFROJWL2,320.0452
ID_QK4YHF5UETBQ,308.5607
ID_XPAHSEI49TYN,989.6754
ID_69F6K475WX7V,126.18249
ID_9WS9F7Z1CE3M,308.13635
ID_XJC8VVXC9TBX,528.2017
ID_CD5QDTLLZUPT,254.0351
ID_O80J4RH6LVDS,662.3828
ID_KWSKN3HTLPK2,136.88757
ID_5SKHT6NDFHJR,211.18034
ID_KPQYKBZGK6Q4,372.7266
ID_866ACQHJ1632,326.41302
ID_WX844ME5IT0M,237.25346
ID_AWNJ1KEP1QK1,996.28296
ID_16ZJ7XNWB9ES,535.9385
ID_2NKYXQYFQQRX,425.07156
ID_DDQYDSPF4BXY,640.6781
ID_1KBQ8Z8QZOL3,454.58356
ID_GJO67I9XF6AK,635.32245
ID_PCOF5INSVXM2,441.07538
ID_W5GMROHJ01RZ,300.80402
ID_WD6GCHMOFFZK,266.53275
ID_GF3NQ1FP4MXO,729.68036
ID_FBQI3IPLIAAZ,304.67267
ID_BKRCXGDJI2ZU,483.8047
ID_WC5O6CA49JCT,306.7314
ID_TC771F4NXFD3,634.4967
ID_HQAI0KUSI7FX,639.17596
ID_E22MKA5X1C38,392.26135
ID_P4TXP8UNLQ5F,150.6192
ID_7VFK2TR4EHCU,372.21866
ID_XIMWJDO2J9S2,173.14374
ID_1SFZQ86IVMCZ,657.02026
ID_XNSVNT862EIR,849.4586
ID_KEULJBL0QMMA,468.5088
ID_GEAJ29CHENIM,417.3572
ID_XDHNQQ1BMP4K,270.61588
ID_ZG8Y74HTDSKI,136.87914
ID_VUYOGM0KIABM,1120.3069
ID_U4XH4UTLQ5EO,342.78082
ID_M1TT1PZJYQX3,384.54602
ID_DO1SCI0NAS39,617.21857
ID_PP2CV6NRSO3K,264.4998
ID_6F4A688829M0,842.71643
ID_67C7XJW5Z9AP,422.5262
ID_G9GXUSA0IV0D,216.71596
ID_0G0WQUKBXG47,339.07748
ID_6EWF22XJX21H,609.92065
ID_UIL7S6F6IKE8,334.55182
ID_O55OOUDQOKBE,1079.6573
ID_OKZW0FT04KAU,177.07008
ID_5QCE458KP8MH,368.3457
ID_K1MX59GNDLA3,598.0037
ID_XEAANBI4M6MP,637.53705
ID_7K7V374NL5QU,231.8846
ID_Q73O4J7PYNLD,843.0808
ID_8X79S7L9FWUS,353.32648
ID_M97TRZBEVI0V,239.28705
ID_U9TU5QRVSIKV,611.0611
ID_PQPZ0AVV5HTH,658.8061
ID_1L6LU32N1HFC,167.3041
ID_UBZ21YSSVE0A,599.8231
ID_TFXFZIX00RA7,792.4711
ID_32CMCT5XS364,427.79254
ID_E95XC4DYH26Y,127.26036
ID_S8ENYM45UWSC,906.6411
ID_PU514SH6TUVR,190.65451
ID_RVEWUGCXQCNS,328.95807
ID_BG6I25RU4JV3,463.18124
ID_RNDBVA4NU0LW,425.90668
ID_H1GVVG7EF7WE,357.92642
ID_4VG5G0IN38WK,181.53722
ID_LI1DHO8DO7WH,191.7401
ID_K9IUCGCTABHD,518.2281
ID_COWCI2PI2LF9,202.77473
ID_0QE8PUWQKHFZ,614.38654
ID_MT3EUT7AX265,317.6526
ID_T69R1A784TNY,841.75
ID_N4FRZ8SPSN61,282.3514
ID_DFIMHTLXA82W,653.099
ID_BI4VNVU7JAXF,702.1243
ID_6C9EUI1CKTQY,828.4009
ID_V7R0PZU27LD7,398.42975
ID_NXHSZUCHTMO8,600.61285
ID_PSSPKF9A2USI,615.9628
ID_M9XZ0NNGCXJE,275.5607
ID_3BJCEQIRMQTP,390.72433
ID_EWS2TOD7IJZI,642.2607
ID_4N61JMVTUKQ5,312.53656
ID_B5NBU4COPYXW,378.3597
ID_ZS7CIFJ5G37Q,976.2368
ID_X4E6NMBKJLQT,93.637184
ID_1OH68E5CL3NC,667.0785
ID_DNSUBE5MRZR8,819.4701
ID_GHVXO83MCL6I,510.9385
ID_CQ0FBB1L5EY3,364.8027
ID_9PEPYSUTV8XP,625.38336
ID_CH40371WNU45,384.23645
ID_KREBTUJY9PUQ,322.28503
ID_AH2DHFW5Y7VZ,590.54767
ID_O2YSLD8B37UI,408.97714
ID_CGJLQRDMQGPI,444.88626
ID_ZIH4810LD2X4,455.91086
ID_1GUQ67PJHO6G,167.3041
ID_YO7NKY9DFON2,998.3045
ID_H8DG3XXT4R3S,406.9838
ID_FD43UJOLYMFB,277.84097
ID_BQ8JTW0GEMB4,479.2314
ID_RA7TSCPF1HBL,466.05627
ID_HMSUJ88077KV,325.10132
ID_2K6CE567GZ7D,379.03967
ID_J0UYQQWYJDJ3,686.6249
ID_42YO171TPVHZ,599.48193
ID_KMFDQQYDBS4X,441.64572
ID_EKKF7GLOX3SD,393.31378
ID_NA6TYX9PY21I,582.15436
ID_PA459A9AES6D,915.878
ID_ZHJ35MUIKDGT,624.42194
ID_2KS148FT28VY,654.52356
ID_ZP3Y1EOLD1XT,340.56033
ID_M202WZ18JHLM,581.20856
ID_O3CUG423MY9H,810.26825
ID_JK4O5BTLDHTX,152.2485
ID_69E0GNTDT1LF,931.2433
ID_RN3RLK50ETXN,631.1221
ID_PJ3QBFDFCBUV,215.90555
ID_WRU2ZQEZZA2A,895.5878
ID_261VC80CL904,282.53577
ID_3PR5200O44QG,872.1058
ID_V315713I7M9M,446.54416
ID_WCBVJ74XU15K,510.22467
ID_ZXT4WUZLCMVH,333.23926
ID_GDU9BX84VUVE,937.8326
ID_5JB3YMBM4T6O,295.9652
ID_KBAPVR46VC22,701.1108
ID_4IXICKTIPPLU,654.69257
ID_AM94QK241VPE,829.8639
ID_W12HOWGGSMS8,120.12674
ID_Q1G32KADTS51,306.8261
ID_V3JIA4P4668B,633.1013
ID_Y86K83ZPC3T4,387.08795
ID_K6M588093ONJ,368.3457
ID_8QKXNKEAI8U8,108.32972
ID_X7PUGW9NI1FI,370.62665
ID_VTIQSDY0X1FD,390.9223
ID_4VC1K7FA4J17,320.6367
ID_3GCDF7RV12BF,632.4466
ID_PSLVQKNWEZ0N,275.03516
ID_IGCX54TFOFX9,353.42502
ID_1SZ0EPKMQJ3L,381.8782
ID_RRLAI5EB891O,814.6402
ID_ATRY9VIAPNBP,283.38632
ID_5LIP4CV5CHJ0,586.9055
ID_ONHO680NIUHR,501.37894
ID_VTRB9ZYY4VI0,677.1726
ID_JAE3UP8KOYFO,335.5543
ID_I02Z7U56HMOO,452.955
ID_RFXD3G5UO06W,835.1242
ID_1SQXKIK51IGW,276.5219
ID_T5UXJ5RC7PUZ,621.3053
ID_JM7G4MGZXPA4,471.33636
ID_6FF2BX4HPOG7,243.44878
ID_8UTWWHXEL9R5,567.256
ID_3YJH7Z2OWJED,625.1851
ID_4BVYTNKO9YLK,734.42126
ID_KNDRB17VJJHN,228.76819
ID_PL3IRYM11FGQ,654.7859
ID_33QXHWS7FFUE,635.0704
ID_2J04B9UGSZMQ,621.49255
ID_ZJV6QMH0E1S2,640.8066
ID_3SY7ARGY3QVX,787.8221
ID_KIAVLFCA0QAB,208.05785
ID_Q4EJVPZEZXGI,476.10013
ID_65605390LAS9,645.1877
ID_Y104K9OC8UGE,576.1431
ID_3K6WOEPF2FP8,569.9373
ID_LS72BPM71SR7,393.83844
ID_Y7TIOX2MBVN1,230.84804
ID_JM80BY34TODO,422.9266
ID_2WAZFPTIJ1OA,402.09174
ID_T9YY5C8C1CBO,461.81287
ID_UPRSY14003PO,410.0002
ID_7XOLQOXF8MQB,329.4826
ID_I32E35Q5PL6J,658.6255
ID_22FO3O040DBN,479.32474
ID_2UXKSAJOCCUC,423.33734
ID_5GUT0JCPY47C,561.3267
ID_LID7SSDMXCW6,159.97424
ID_WCWCOJH95NFM,262.01334
ID_4DWQ8EGOZF76,424.7593
ID_SJE53PFBNDY4,550.894
ID_MUP7H5EUQUYW,598.96405
ID_2G8S8FICGX1F,582.91583
ID_T6X2E4LGICKT,266.70532
ID_2NBITHH2CMR2,575.1849
ID_IXO2IO18FTPN,602.9629
ID_35RBHZZG2K9S,608.59314
ID_5X3KT9OXDOCL,578.0327
ID_EXX5T31QH9U4,577.50934
ID_LSZRIL56T47Z,611.55725
ID_5ALLBTPE63BZ,440.9465
ID_ZRT3VO9XJTOJ,423.44418
ID_IVZNV00VK1WF,111.14638
ID_STJDVR9FV5ZK,659.36346
ID_MUL2I0PV3WXF,554.821
ID_350HG62PKSV9,257.44244
ID_CFU1OS0WRIF1,430.83517
ID_E2X9RKRER7VN,370.46432
ID_FAXPVHA3GBDX,685.24927
ID_U20QSSM0WQCL,426.22308
ID_8STN6IQK6GRH,152.9246
ID_RRV0JV74KLEG,618.22235
ID_SV90TJDKZDBO,827.3893
ID_VG3DNKAC70DB,376.50928
ID_N6VEVLWM0JUZ,587.3874
ID_R6EAOP7SKH4P,736.9003
ID_WY1E27L1SF3F,567.546
ID_S6Y3EIMQPINY,442.87506
ID_C6FGW58XYOOC,164.5169
ID_66ZQIE06VO23,626.00433
ID_OQGZLQDASMAM,214.38931
ID_O0VXS8F7E71M,218.71622
ID_RYWO2W04NGOQ,604.36914
ID_UQJV4MFOR1M5,322.88794
ID_4RF26BVNXYCE,1033.0284
ID_97BLKV6Q0HEL,805.05804
ID_UBBEFJS5I0QH,194.90337
ID_1O85NFRVJWEG,539.4567
ID_IMHZWDBK0ADL,281.70786
ID_YP71ZG5HZP4L,595.6311
ID_EQYXNVKPIZ8S,317.8782
ID_IUMZ7HN2JIIN,628.1364
ID_TEYADZ461KBT,659.69403
ID_WBKUDZP701N9,443.08923
ID_QREVEZ4H807A,123.31641
ID_1FI6VLAJHF5I,901.54224
ID_AGYQKZWO32LL,654.5323
ID_2AWB54BA84ZT,452.4801
ID_HT3K0J78M9RG,605.2706
ID_1Y0O3Y0QYTJS,501.73105
ID_ZKH62QGNMI1V,194.5151
ID_BJVKX6P2LOVK,630.3984
ID_RJG2AH2AUIN8,340.46548
ID_C1YRVYTDHBCI,352.50357
ID_1TJKPVFP9B3X,251.13104
ID_ENTHBKNB4R99,448.84415
ID_TY66I8PV70BN,247.68251
ID_6MMECMX3B728,649.4155
ID_GZ9YGWCLLMKN,388.73938
ID_01YVA2LJVYBR,180.47609
ID_YQRL2IOUU4SZ,381.91428
ID_VAX2N8ELPEZE,317.74695
